Conteo	ID	Ubicacion	Descripcion	Secuencia
1	B2RH54	cell outer membrane	Major fimbrium subunit FimA type-1	MKKTKFFLLGLAALAMTACNKDNEAEPVTEGNATISVVLKTSNSNRAFGVGDDESKVAKLTVMVYNGEQQEAIKSAENATKVEDIKCSAGQRTLVVMANTGAMELVGKTLAEVKALTTELTAENQEAAGLIMTAEPKTIVLKAGKNYIGYSGTGEGNHIENDPLKIKRVHARMAFTEIKVQMSAAYDNIYTFVPEKIYGLIAKKQSNLFGATLVNADANYLTGSLTTFNGAYTPANYANVPWLSRNYVAPAADAPQGFYVLENDYSANGGTIHPTILCVYGKLQKNGADLAGADLAAAQAANWVDAEGKTYYPVLVNFNSNNYTYDSNYTPKNKIERNHKYDIKLTITGPGTNNPENPITESAHLNVQCTVAEWVLVGQNATW
2	B2RHG1	cell outer membrane	Minor fimbrium subunit Mfa1	MKLNKMFLVGALLSLGFASCSKEGNGPDPDNAAKSYMSMTLSMPMGSARAGDGQDQANPDYHYVGEWAGKDKIEKVSIYMVPQGGPGLVESAEDLDFGTYYENPTIDPATHNAILKPKKGIKVNSAVGKTVKVYVVLNDIAGKAKALLANVNAADFDAKFKEIIELSTQAQALGTVADGPNPATAAGKIAKKNGTTDETIMMTCLQPSDALTIEAAVSEANAIAGIKNQAKVTVERSVARAMVSTKAQSYEIKATTQIGEIAAGSVLATITDIRWVVAQGERRQYLSKKRGTVPENTWVTPGSGFVPTSSTFHTNATEYYDYAGLWEDHNTNEAVISGTQVPTLADYQLQDVTGELANALSGKFLLPNTHKSGANAASSDYKRGNTAYVLVRAKFTPKKEAFIDRGKTYSDNTAVPEYVAGEDFFVGENGQFYVSMKSVTDPKVGGVAGMKAHKYVKGKVLYYAWLNPSTTSPDSWWNSPVVRNNIYHIHIKSIKKLGFNWNPLVPDPDPSNPENPNNPDPNPDEPGTPVPTDPENPLPDQDTFMSVEVTVLPWKVHSYEVDL
3	B2RHG2	cell outer membrane	Minor fimbrium anchoring subunit Mfa2	MNKRKHMDIRRLIISLPAIMALWGGLASCDKMIYDNYDDCPRGVYVNFYSQTECAENPSYPAEVARLNVYAFDKDGILRSANVFEDVQLSAAKEWLIPLEKDGLYTIFAWGNIDDHYNIGEIKIGETTKQQVLMRLKQDGKWATNIDGTTLWYATSPVVELKNMEDGADQYIHTRANLREYTNRVTVSVDSLPHPENYEIKLASSNGSYRFDGTVAKADSTYYPGETKVVGDSTCRAFFTTLKLESGHENTLSVTHKPTGREIFRTDLVGAILSSQYAQNINLRCINDFDIRLVAHHCNCPDDTYVVVQIWINGWLIHSYEIEL
4	B2RHG4	cell outer membrane	Minor fimbrium tip subunit MfA4	MKKYLLYASLLTSVLLFSCSKNNPSEPVEDRSIEISIRVDDFTKTGETVRYERNQGSAAERLITNLYLLLFDQSGANPAKYYIAGNTFSGGIWLPDDMKVKLDMTQSEAGERKVYVVANVDNAVKTALDAVANESDLQTVKRTTAMPWSTDIASPFLMSGNKTHDFLANRLLDNVPLVRAIAKVELNISLSEKFQIVPIIVNGSLSEFKFRYVNFDKETYVVKPTTKPDNLISSANGVWPQITDWTVWGASLNTSPAPDAGTGYTLDANGKVTALRIVTYLNERDSKGATVEVALPRVDDGTLPPPEFGPELYRLPLPDKILRNHWYKYEVEI
5	B2RKV3	cell outer membrane	Dipeptidyl-peptidase 7	MQMKLKSILLGAALLLGASGVAKADKGMWLLNELNQENLDRMRELGFTLPLDSLYSFDKPSIANAVVIFGGGCTGITVSDQGLIFTNHHCGYGAIQSQSTVDHDYLRDGFVSRTMGEELPIPGLSVKYLRKIVKVTDKVEGQLKGITDEMERLRKAQEVCQELAKKENADENQLCIVEPFYSNNEYFLIVYDVFKDVRMVFAPPSSVGKFGGDTDNWMWPRHTGDFSVFRVYAGADNRPAEYSKDNKPYKPVYFAAVSMQGYKADDYAMTIGFPGSTDRYLTSWGVEDRIENENNPRIEVRGIKQGIWKEAMSADQATRIKYASKYAQSANYWKNSIGMNRGLARLDVIGRKRAEERAFADWIRKNGKSAVYGDVLSSLEKAYKEGAKANREMTYLSETLFGGTEVVRFAQFANALATNPDAHAGILKSLDDKYKDYLPSLDRKVLPAMLDIVRRRIPADKLPDIFKNVIDKKFKGDTKKYADFVFDKSVVPYSDKFHAMLKSMDKEKFAKAIEKDPAVELSKSVIAAARAIQADAMANAYAIEKGKRLFFAGLREMYPGRALPSDANFTMRMSYGSIKGYEPQDGAWYNYHTTGKGVLEKQDPKSDEFAVQENILDLFRTKNYGRYAENGQLHIAFLSNNDITGGNSGSPVFDKNGRLIGLAFDGNWEAMSGDIEFEPDLQRTISVDIRYVLFMIDKWGQCPRLIQELKLI
6	B2RGR7	cell inner membrane	ATP-dependent zinc metalloprotease FtsH	MANNGNNKKPGKPMRFNPIWLYAPVFLILATLFFVDRDITSQKELSWNEFQNIAKKQAFTDIVVNRKENTLKARVDPAKVDSVFKKGDIPSFQDRGNISDYYINTQIPSVDKFSDFYDQNQITAKVKYEDSKFSFTSILIAWGPLILLLVFWFWMMRRMSGGGGGSGGGGGVFNVGKSKAKLYDKTNIHVTFSDVAGLHEAKQEVEEIVHFLKNPSKYTELGGKIPKGALLVGPPGTGKTLLAKAVAGEAHVPFFSLSGSDFVEMFVGVGASRVRDLFRQAKEKAPCIIFIDEIDAVGRARGKGNNFSGNDERENTLNQLLTEMDGFGSNSGVIILAATNRADVLDSALLRAGRFDRQIYVDLPDLNDRKEIFLVHLKPLKTDKSVDVEFLSRQTPGFSGADIANVCNEAALIAARSNKNFVDKEDFMNAVDRIVGGLEKKNKITTEEERRSIAIHEAGHATISWMLRYANPLVKVTIVPRGKALGAAWYLPEERQITTTEALQDQLCALLGGRAAEDLFLGRVSTGAANDLERVTKLAYAMVTYYGMSDKLPNINYYEMQNDGWNLTKPYSDTTAEVIDAEVNRIISEQYERAKSILREHEAGHHELADLLLKREVILADDVERIFGKRPWASRTEELLGLNAPATATEETTADAEAPIPVEGEEKTEEHPE
7	B2RH57	cell outer membrane	Major fimbrium subunit FimC	MKMKYFHHPSGLLPRLLLLLLLTMGAVACTKEDNPDQPTSDEVATVKMSLDDVEMRGGDLYSGEDLIKKVRIFVFREGLNGLWVLDKQKLFASGQSDFQNPFTISAHAGPRQIYVIANEPDALTTKLDKILFKKELEDMQAPDVNEPIVRPFTMTGMATATLNPQGTVQANISLNRIAAKITLDIKQVTPGSDVIKITKVQILRNAKNSRLLEGTNKPTGYWNWANACDLPLTNNGSAQSIIQASAPLYVYENIGSDSDSSGRATQLVVEALYNGIKTRYYAYVNDKTTTANHHYSIRRNHHYKLDGTITKMGEFSSLLLTTTVLPWTVENLDYGFLVPYVAEINPHAVITQDNVVTFENSLSFTVRIKGRDGSRWKATLDNGLEFGFDSGSAIDGAADGTTVYTIKVKALKPNGIGIQRRTNLFFTVDGKKVILDKNINPQPTDIKIIQQGL
8	B2RH58	cell outer membrane	Major fimbrium tip subunit FimD	MRTNRILNIICPPILFLLVGFLFGCVREDIESDMNETSSLFLQVQPYNQRSEEGGVAAYDENTIERLTLVFYKNGTKVWQAEPVETSPSSNSYYVPVPESMYGQFNGNNSFKIYLVANVNFSGSFEPNASETSFLKTLVPNSILLQNDGKPEDKFAMIGSVEKQINMATSEGKQLGSIELKRVAAKLRLKKPVLNISDYELVGDPKAKFRNCMPKGFLSVEEKPEGVGYEAIDYRPMTEANSSVHFYSYYNEWALNNEGRPEFVMMLKLKKTGTDDNTAKPYYYRIPVDGSDKKIRSNHLYDMAVTIEVLGSLNEEDPVTINGSLSVIEWTSHSDDQTLPDVQYLEVIPQETVMNMTTEIELDYFSSHSLLPPADVKATCTYVNSNGQQITDTYTGANVPTVTIDANTKKIKVRSILPINNIPKDISFTIKNSIGFEKKIKIRQNPSQFIINTFGTKSSWQPEGNLAPNLNNKAIYQIVVLSPPADGNMIIGFPPTKEVGFYKKSGSSYTLKHTDRITEQDEQTANMVSPSFELASQLGATLVQDHWEYYTLNPLRLIYHSNQQNRYALMTCAFYWEERKKADGTIERLDDWRLPTRAEIQLVDKLQREQAGVVRDIMTGRYYWSGLPDKAIKILLPTASGNATEQRAHVRCVRDVKNDRFVKSAKRLKK
9	B2RH59	cell outer membrane	Major fimbrium tip subunit FimE	MKSKSIIAQLLYVLIAFMAVSCVADKSEPCPSGEPTRVSGSIVSLEHHGLRGASADKENSVERLELWVFDEDGHFLERAVADLSGSTFTAKIIPSEVERRIHFIANYELADPSVWVGRSEREMLPSISVADDLETIRMWARISYPSIAPNQNLGQIQLLRNMAKFSLSVTPPAESKLYDASYALYNSWNKGTLAPFDPNTGSFPQGQITEPAGVVFANPTSEAAFKEADGAHFFYGFERDQSNIGTGAGITCLILKARYNLPNADYTYYKLDFVDTNKVRYNITRNHFYKMILKKAKAPGRPTLQEALDGAAANNIFLSAEVQALPAFSDGSGMLTVDHTYMVFVQGEPSGTFQATYIPQGQNNPDYSKLTVSVSTPTGQQAAVTSAQHEGNGKIKLTLAQQENLTKRSDVVIGVQGNPDLKRSVTVLVREKYQYVFFKANTSSAENNQVTTQISAGQGNELLISAKLPDVLNAALLPITFKVYTEHFYPKTGGMILGIEGGKTLYKYVLTTMPQNKELQFRFKSNKVNSAENIAVKMDYFHDQTIHVTN
10	B2RHG3	cell outer membrane	Minor fimbrium tip subunit Mfa3	MMQLKKRYFALILLLFLWSGCDRGVDPQPDPLQPDVYLLVNARAAHTNGEESINMDAEDFEDRVHSLAMLVFDSNTGEKVAEHFSSSIGSGTSTYVFTVKLKPGQRDFFFVANIPNMQTAMASIVNKSDMNHFMQVFRDLDPIHYHNATNNNGFPMSRMYSNQTVTIGGTITQPLPFKPDGENNVKLQRVVAKLDVNIVEGVENLQKIELCNANVHYRLVPNQSEPIQFYGPVELRRVGATNQWLGYMPEAIVESTKWWGNTGNAENKPINFFRLTTRGGLVYDVPIITHEGAIPGGQYLPFAKGLLADKPSYTVYRNRHYIYRIKTLPDKIEVKYSICDWNIVTNDTYMGYGYNVGVDEQGNVTITNTMQNCDPHVVRLVAKNGAYFGSQPTDTSVEFTELANGASQTFKVNKDAVAVGSAYLEVYYNPDLNATGVVPDKVFIKK
11	B2RI48	cell inner membrane	Lipid A 4'-phosphatase	MEYILEVERNLFLTLNGVQHPLLDGFFYLISAKWTWVIMSIAFLFFLFYKKPTKEALFIVGAVLLSVLICDQLSSSFFKPFFARFRPSHHPDFIDYVKTVYGYRGGKYGFISGHTTNYISLALFTSRIFRNKFYTWTIWSVVALVIYSRIYIGVHFITDIIPGIAVGLIVGHFVYKVYLYARSRWLGASCPAHPSAVYAGDSIRLWTLSLIGFVFAMLCMSRQLTEILQYYVFLLF
12	A0PA81	cell outer membrane	Major fimbrium anchoring subunit FimB	MNDAKKYIVSVLILLVAGMFGGCIKEDYSDCPRPFRLTVRAWDADMQDITETGAVQRVVIFVFDETGRRIDRLMMDAAQVAARKPIPLEYDGPTTVSFVAWANPDDHMLEETANVQNVKDLFFRLSSTDGIAQSPGDLFSGVLTCPIEYGSIEQGTDQTVDIYRRTAQVHIIIRGYQEWLEANGPRQLPDYADILLGETPDTYTGLAELIGNAVQYRPDGQIQNGDFISPIIRVYPTLDTTPLHLKLYAYGQELLNISTGSDGVPFIPVIGKMLNIYIDLRGANLNVLVSVTPWDVVQQYAEY
13	B2RGY9	cell inner membrane	Na(+)-translocating NADH-quinone reductase subunit B	MKALRNQLNKLKPHFEEGGKLHGLHSVFDGFETFLFVPNRTSQHGVHVHDAIDSKRTMIVVCMALLPALLFGMYNVGVQHYMAIDAPVVFWPAFLFGLLAVLPKLIVSYAVGLGIEFAVAQYRKEEIQEGFLVSGLLIPMIVPVDTPLWMIAVATAFAVVFAKEVFGGTGRNIFNVALVTRAFLFFAYPAAMSGDQVFVRTADTFGLGAGTVADGFSGATPLGQIATAGAKMPEIHNVAGDPSSLMDAFLGFIPGSIGETSTLAILIGAVLLIWTGIASWKIMLSGLVGASAMALVFNAIGTTAAMQITPLMHIVYGGFAFGLVFMATDPVTSARTEKGKWIFGFFVGLMAVFIRVLNPGYPEGMMLAVLLMNVFAPLIDYFVVDSNIKARKARMLKKS
14	B2RGZ0	cell inner membrane	Na(+)-translocating NADH-quinone reductase subunit C	MNRDKNSYTILYASVMVIVVAVLLAYVSQSLGDRQRDNEKIDKMQQILRSVNAGIEDKGKVIARYTDVIKQELLINQDGTVAKTFEGEQLAQNEAFTLNTRNAFKSAANDPSISLPLYIAEIEGQKKYIVPMNGAGLWGPIWGYIALNEDCNTIFGADFSHEGETPGLGAEITRSEFSGQFIGKEIFKEGEFRSVAVVKKGQKAEGKDYVDGISGGTLTSDGVNEMLISSLRPYALYLMNNVKK
15	B2RGZ1	cell inner membrane	Na(+)-translocating NADH-quinone reductase subunit D	MSLWNKKNKEILLGPLSSNNPVIVQMLGICSALAVTAKLQPAIVMALSVTAVIAFANVIISLLRNTIPGRIRIIVQLVVVAALVTIVSQVLKAFAYDVNKQLSVFVGLIITNCILMGRLEAFALANRPWESFLDGIGNGLGYGWVLVIIAFFRELLGSGTLLDIKVISKSFYESGYVNNGLMILPPMALITVAVVIWVHRARNKDLQEN
16	B2RGZ2	cell inner membrane	Na(+)-translocating NADH-quinone reductase subunit E	MDYISMFVRSIFVDNMVFAYYLGMCSFLAVSKNVKTSIGLGAAVTFILVCTLPINYLLQNYIFKAGALSWLGSQYAEVDLSFLSLIIFIAVIASFTQLVEMVVERFSPSLYASLGIFLPLIAVNCAILGGSLFMQQREFINVGMATVYGFGSGIGWMLAIVGMAAIREKLAYSNVPKPLRGLGITFIITGLMGIAFLSFSGVKL
17	B2RGZ3	cell inner membrane	Na(+)-translocating NADH-quinone reductase subunit F	MSTVIIASAVVFLLLTLILVVALLYAKSKLVPSGNVTITVNDERKMEVPLGGTLLNTLQNQGVFLSSACGGGGSCGQCRCRVVEGGGEILPTEKGFFSRKEQKDHWRLSCQTKVKEDLSIVIPEEVFGVKEWECEVLSNKNVSTFIKEFVVKLPEGETMNFKSGSYAQIKIPKYNIRYADYDIQDRFRGDWDKMDAWSLTCKNEEETVRAYSMANYPAEGNIITLNVRIATPPFDRAANKWKAGVKPGISSSYIFSLKPGDKVMMSGPYGDFHIQDTDAEMLYIGGGAGMAPLRAQILHLFRTLKTGRKVSYWYGARSKNEIFYEEDFREIEREFPNFKFHIALSDPQPEDNWTGYVGFIHQVIYDNYLKDHDAPEDIEYYMCGPGPMANAVKGMLENLGVPRNMLFFDDFG
18	B2RHD8	cell inner membrane	Signal recognition particle receptor FtsY	MGLFGLFSKKKKETLDEGLSKTKENVFAKITRAVAGKSKVDDEVLDELENVLVTSDVGVDTTLKIIKRIEERVARDKYVSTSELTTILRQEIASLLTENGSADGDSFDLPSGTKPYVIMVVGVNGVGKTTTIGKLAHRFRQAGKSVVLGAADTFRAAAVEQLEIWSERVGVPIIKQQMGSDPASVAYDTVSSAVANGVDVVIIDTAGRLHNKVNLMNELTKIKRVMQKVVPDAPHEILLVLDGSTGQNAFEQARQFTAATEVNALAVTKLDGTAKGGVVIGISDQFKIPVKYIGLGEGIDDLQIFRKKEFVDSLFGE
19	B2RI39	cell inner membrane	Lipoprotein signal peptidase	MASFLSRLPQGKVVAALIVLLLVVDQVIKIWVKTTMVLGQSHVVAPWFQIHFVENPGMAFGIELGSKLFLSLFRIVAMGFCIYLLAKLVRKREHTLAFLSCLSLIIAGGIGNIIDSIFYGVIFSGSHGQIAQLFPSGGGYETWFHGRVVDMFYFPLIEGVFPSWLPFWGGEEFVFFHPVFNFADSCISIGLILLLVCYPRTVSLLLDGKKTLPEGTTEDSEPTKRE
20	B2RI95	cell inner membrane	Undecaprenyl-diphosphatase	MTILQAIVLAIVEGLTEFLPVSSTGHMIIAEGIMGVESTSFVRAFTVMIQFGAILSVLVLYRKRFFCFPVAPRALGQGKGKEFMSRFDLYWKLLIALVPAVILGFLFEDWVDRMLGSVWVVAVVLFLGGIFMLFVDKLFASSDRGEITYPKAFVIGLFQCLAIFLPGLSRSMATIVGGQQQKLSRKAAAEFSFFLAVPTMLGATLLKAYKLYKEGGIEIFREHMIVLLVGNIVAFIVALAAIKFFIGFLTRYGFKAFGYYRILVGGLLIVLMLSGVSLAV
21	B2RIE8	cell inner membrane	Phospho-N-acetylmuramoyl-pentapeptide-transferase	MLYYLFDYLEKLQLPGARLFHYVSFRSAVAIILALLLATVIGNRIIERLRKAQIGETIRDLGLEGQLSKKGTPTMGGLIIIISILIPTLLLARLDNVYILLMIVTTLLLGSLGFLDDYIKVFRKKKEGLHGRYKIIGQVGLGFIIGIVLYMNPAVVIKENSEVLRDGQVERVHFNKQEVKSTKTTIPFVKNNNFDYADILPFEGKTKVLFGWILFVCVAVVVVTFISNCANLTDGLDGLATGSSAIIGVVLAIFAYVSSHIEMASYLNIMFIPGAEELTIFAFAFVGATIGFLWYNAYPAQVFMGDTGSLTLGGIIAVFALIIRKEMLLPILCFVFIIEGLSVMIQVFYFKLTKRRTGEGRRIFKMTPLHHHFQKPGNAGIDAWLQKPMQAIPESKITVRFWLVGIIMAAITIATLKMR
22	B2RIF1	cell inner membrane	UDP-N-acetylglucosamine--N-acetylmuramyl-(pentapeptide) pyrophosphoryl-undecaprenol N-acetylglucosamine transferase	MNNEKSNAKLRFIISGGGTGGHIFPAISIADALRRRYPECEILFVGAEGRMEMERVPRSGYEIVGLPIKGLDRKHLLSNYKVAIAVIRSMRLANKTIRNFRPDMVIGVGGYASGPTLRRAHSLGIPTLIQEQNSYAGVTNKLLSRGAHKICVAYPEMDKFFSPEKIVFTGNPVRPEIEFGHPSRSESLRFFGFEQSESPVVLVVGGSLGALTINKSITDKLGKWAESGVHLIWQTGKNYIETARKAVENHPGLKCYVNDFITRMDYAYCAADLVVSRAGACSISELCLLGKPTILVPSPNVAEDHQTKNALALSTRAAAVLIPDTEAIELLTDTALSLVRNLAELSSLSEQIRTLAKPQAADRIVDEIARIVEHEKRAN
23	B2RIR1	cell inner membrane	Adenosylcobinamide-GDP ribazoletransferase	MKEKQAKPYQRILAAFMLLTRLPLWRLVSVPDAAFKRATDYWSLVGWLTGGLMVLICHLGLLIDLPVTMVVSLALLSRVLFTGAFHEDGLGDFFDGFGAGRTKERILAIMKDSHTGTYGILSFIFYFMIGIYSLSSLPPILTLVALGVGDPLCKLVASQLINTLPYARSEDESKVQAIYSPMGVLAFWVSFSAGALPLALFLPLPYWPAVLIPILAFLLLRGLMKRKIGGYTGDCCGATFLLCELSFWVGMLIMNRIIEL
24	B2RKK1	cell inner membrane	Elongation factor 4	MKNIRNFCIIAHIDHGKSTLADRLLEYTNTVSGKDLQDQVLDNMDLERERGITIKSHAIQMDYEMDGEKYVLNLIDTPGHVDFSYEVSRSIAACEGALLIVDAAQGIQAQTISNLYMAIENDLTIIPIVNKVDLPSAMPEEVEDQIIELLGCDRSEIIRASGKTGQGVDQILRAIVEQVPAPAGDPDAPLQCLIFDSVFNPFRGIIAYFKVVNGSIRKGDHVKFIATEKEYDADEVGVLRLDMEPRSEVKTGDVGYIISGIKTSREVKVGDTITHVAKPAKEAIAGFEEVKPMVFAGVYPIEAEDFENLRTSLEKLQLNDASLTFQPESSVALGFGFRCGFLGLLHMEIVQERLDREFNMNVITTVPNVSYKVYDKKGGCKEVHNPSGLPEPTLIDHIEEPFIRASVITNTAYIGPIMTLCLGKRGVLVKQEYISGDRVEIFYDLPLGEIVIDFYDKLKSISKGYASFDYHLHDFRESKLVKLDILLNGEPVDALSTLTHVDNSVTFGQRMCEKLKELIPRQQFEIAIQAAIGAKIIARETIKPVRKDVTAKCYGGDISRKRKLLEKQKEGKKRMKQIGTVEVPQKAFLAVLKLD
25	B2RKT2	cell inner membrane	Protein translocase subunit SecA	MGFNEFMSKLFGNKSQRDLKEVKPFVDKIKVAYGEIERLSDDDLRGRTAILRQKIQDYVKDERAEIDKLKVEVEGKDLDEREEIWAKVDKLEKEILDKMEVVLDEILPEAFAIIKDTARRFAQNETIRVKATDLDRDLAINHDFVSIEGDTAVYQNHWVAGGNEILWDMIHYDVQLIGGTVLHKGKIAEMATGEGKTLVATLPVFLNALTGNGVHVVTVNDYLSKRDSEWMGPLYMFHGLTVDCIDKHQPNSDARRKAYNADITFGTNNEFGFDYLRDNMATSPKDLVQRKHNYAIVDEVDSVLIDDARTPLIISGPTPKGEDQLFEEFLPNVEKVVEAQRKLCSQLLIDAKNKMASEDKKEQEEGSLLLYRSFKGLPKNKQLIKYLSEPGIKSSMLKTEEAYMAENMRNMHLVTDELYFIIDEKRNSVELTEKGIDLLTSRTDDPKFFVLPDIAAELSALDNMESDAEKRREAKDEIIANYSIKSERVHTVNQLLKAYALFEKDDQYVVMDNKVLIVDEQTGRIMDGRRYSDGLHQAIEAKEHVKVEAATQTFATITLQNYFRMYHKLAGMTGTAETEAGELWDIYKLDVVVIPTNKPIARKDMNDRIYKTAREKYAAVIEEIVRLVEEGRPVLVGTTSVEISELLSRMLRLRGIQHNVLNAKLHQKEAEIVAQAGQKGTVTIATNMAGRGTDIKLSAEVKKAGGLAIIGTERHESRRVDRQLRGRSGRQGDPGSSIFYVSLEDHLMRLFATEKIASLMDRLGFKEGEVLENNMLSKSVERAQKKVEENNFGIRKHLLEYDDVMNSQREVIYTRRRHALMGERIGMDVLNTIYDVCKALIDNYAEANDFEGFKEDLMRALAIESPITQEIFRGKKAEELTDMLFDEAYKSFQRKMDLIAEVAHPVVHQVFETQAAVYERILIPITDGKRVYNIGCNLREADETRGKSIIKEFEKAIVLHTIDESWKEHLREMDELRNSVQNASYENKDPLLIYKLESYELFRKMVEAMNRKTVAILMRARIPVPEAPSQEELEHRRQIEIRHAAEQRTDMSKYRTQKDDIEAQQKAQRDAASRPQGAAAPQTPIRNENKIGRNDPCPCGSGKKFKQCHGRNL
26	B2RLD0	cell inner membrane	Ion-translocating oxidoreductase complex subunit G	MKKLKSSLPNMLLSLTGFCIVVSAALGMMNEITKEPIAKAEVDAKVTAIKQVVNAFDNNPYEERFEVDVDGAKLTVFPAKKGQEIVGYAVESYTDKGFSGKFTVMYGFDMDGKIHDFSVLSHSETPGLGAKMQEWFRTPAKKEGLIQDVRGVQMSDTPLTVSKDGGQVDAITAATISSRAFLDAMDRAYRGFKAAQGSAGQTEATVDTTQADSTINTNTDNTEAQ
27	B2RLD3	cell inner membrane	Ion-translocating oxidoreductase complex subunit B	MILTTVIVLAAIGAIGALVLFLAAKKFEVKEDPRIGLVAEVLPQANCGGCGFPGCSGFANACVKAESLEGLLCPVGGAAVMGQIADILGMAAAAQDPKIAVVRCNGNCDARPRTNLYDGASSCAVAASLYSGDTGCSFGCLGLGDCVDACGFDAIRINPTTLLPEVVEDACTACGACVKACPKSIIELRKKGPKSRRIFVSCVNKDKGGVAKKACSNACIGCSLCLKQCQFEAITIENNLSYIDHTKCRMCRKCVEVCPTNAIHELNFPPKKKVEPAVATEATAPAQETV
28	B2RLH6	cell inner membrane	Multifunctional fusion protein	MQNKGFVIVITSALAIICAFYLSFSFVTNRYEKKAKAMGDVAGMAYLDSMSNEKVWFGYTLKEAQAQQIGLGLDLKGGMNVILKLNASDLLRNLSNKSLDPNFNKALENAAKSTEQSDFIDIFVKEYRKLDPNGRLAVIFGSGDLRDQITAKSTDADVVRLLKEKYNSAVEASFNVLRARIDAFGVVAPNLQRLEGQGRILVELPGVKDPERVRTLLQRSANLQFWRTYKFEEVSGDLIAANDRLSELAMNNTDATPETEPATTDSVAATADSTAVQAVADSATVAQEEAKDATRKDALFSLLTPVNRGGAVVGVARRANMAQISEMLQQAHDLKVTREDVLFLWGAKAIEDPETKKETDLYELYAIRTNRTGDPDLGGDVVTSAKSDIQNDFGRSEPIVSMTMNEEGARKWARITKDNVGRAIAIVLDGVVYSAPNVNDEITGGRSQISGHFTVEEAGDLANVLNSGKMDATVSIEQENVIGPTLGAESIKAGFLSFLLALVILMCYMCLAYGFLPGLIANGALIVNSFFTLGVLASFHAVLTLSGIAGLVLTLGMAVDANVLIFERIKEELRAGKTPIRAVTDGYGNAFSAIFDSNVTTIITGIILFLYGTGPIRGFATTLIIGLIASFITAVFLTRIVFEKLAKKGRLDKITFTTSITRNLLVNPSYNILGKRKTGFIIPVIIIVLGLIASFTIGLNRGIEFSGGRNYVVKFDQPVSSEAVRSALSSPLQEKVLVTSIGTEGTEVRISTNYKIQEESEETEAEITDKLYQSLKGFYTQQPTADQFLDNIISSQKVSPSMSSDITRGAIWAVLLSMIFMAIYILIRFRDISFSAGVFVSVAATTFCIIALYALLWKILPFTMEIDQNFIAAILAIIGYSLNDTVVVFDRIRETMKLYPNRDRYQVINDALNSTLGRTLNTSLTTFIVMLVIFIFGGATMRSFTFSILLGIVIGTYSTLFVATPLAYEIQKRKLNKAAKK
29	B2RGX5	cell inner membrane	1,4-dihydroxy-2-naphthoate octaprenyltransferase	MSNNGSPPRLKAWLALPRPHTLPASVSPVVVAIAYAIADGNFRWPQAALALIVAVSAQTVSNIANDWFDYKKGADTDQRVGFESGISKGWLSERQVLAALFSFLFLLGLSGFLLCAISNWWLLVVGVVVAIGALSYSAGPYPLAYHGLGEIAVFIFFGLIPVLFTYYVQAESFPSDLWHLGAAMGFAGVNILIVNNYRDYEEDRKSGKRTILVKKGRDLGPKLYLACGLLSMMVLYPFFSAGGLLLLLLYLAFFMTNYRRLLREEGTALNALLVRTAKALSLLAFVAIAMLFLAR
30	B2RGX7	cell inner membrane		MTYTLVLYMAVASIGLALFWIFERLMIHGNTHCRLRRAYYLGGFVSVVVLPFLGYFLPSWPSLFIQNRSVGMEILRSIEIVLPEALVRTAGADAIPAVSPLLRGLFLAWLLGIGVLLIRFGIRLRSLLCLICGAERAEIEGVPVYFAPRVRMPFSFCGRIYLPTDLRSYPSVRNVLIHEQEHTRATHFVDLLIAEVACMLFWFNPFAWALKRDMQRNLEFLADRAVLLRGVSRREYQYELLGFTLEVAAGPLCSSYNINDLKERIRMMNKTKSNRAAGAKYLVALPLAALMLLSGKWLWAGNAVSEVREVVATVASDPAPLSDAPDISLQQDEDPVCSELDTPPSFPGGISKLMHFLSKNLKYPEQSAKNGIEGKVVVSFVVEKDGRLTNIQIEKSVAPELDAEAIRVISAMPKWNPGKQKGKTVRTSVAQPVRFRLK
31	B2RH64	cell inner membrane	GTPase Era	MQVEESGHRSGFVNIVGNPNVGKSTLMNLLVGERISIITSKAQTTRHRIMGIVNTPEMQIVYSDTPGVLRPNYKLQQEMREFSESALGDADVLVYVTDVVEKADKNADFLARVSRMECPVLLVINKIDLSNQEALEKLVEEWRNILPKAEIHPLSATNNFNVGLLQKRIESLIPPSPPYFEKDALTDKPARFFVTEIIREKILLYYQKEIPYAAEVVVEEFKEEKTIIRIKSLIIVERNSQKGIIIGPKGAAIKRVGSMARRDLERFFGKKIFLEIFVKVEKDWRNRDNLLRAFGYQLD
32	B2RHZ0	cell inner membrane	Cardiolipin synthase	MIALLIIVYMLMTAAVSAVIISENRNPLKATSWILVVSFVPVLGLIVYIFFGQDQRRRRIVSRRIYKRIMLKPHYLSIPEAQLEAMNNIQLNPIMKLINNNSDSPVMLSSPPDIFTAGKDMFDCFFRDIEAARHHVHIQFYVIEDDHLGSRLSDLLIRKVQEGVKVRVIFDHVGSWATSRGYWKRLRRAGVEAYPFMPVFFPILSSRVNYRNHRKVAVIDGKIGYLGGMNVADRYYSGNRLGLWRDTHFRMMGNVVAGLQSSFLLDWYVVSRRVINLSGYYPDLPIPVSDEGVKIQLVRSGPVGQWRTIEQATIYCIERACEHVYIETPYFLPTEGLNNALITAALAGIDVHLLVPKRSDARLPQVAAFSYVEDLLQAGVHVHLYTNGFLHSKLIMVDSQVASIGSTNMDFRSLENNFEFNGIIYDEPTVRRLEAIFFEDLLQSEPLDLKRWRKRSRIKKFSESFVRLFSPLL
33	B2RIF4	cell inner membrane	Cell division protein FtsA	MNTIYAVIDLGSWYIRGMVARKMEDGRVSPISFYEEPANNCIRHGCVHNIDEAAAIIRRIVNQLNENLEDNTHITSLYVGVGGQSIASQEFIVRKAMVPEGEVIRTEHIESLWAEMRGASFPDKEVLDVTDPLFYVDGKQEIQAKGVFCHELEARFQLITARRSVKQNIRIAIEERLGLRLAGILVTPLCEAQVLLSDDELTLGCCYVNIGAGCTSVSIYKNRLLAMLRVLPMGGYNVTRDLTSLRLTEQEAENMKLNHVSMINDNKSNGSFRMTFADKFSEREFRSSEVNRLAKARMDEITANYLNILRLSGLLEDIGAGIILNGGGTKINNYMAAMKKILGEVTPAKIRMDRIDTDNAISFIEEHISTIGLAYKATQPCTDYITTNLGELVSQIETKEEIPANDTVQDLFAQDRQTERKENEQRDNTDRQREDTPKQTVKKKEKTGPSFGDKLKGAFIKFGSLFDEDTNQDNNR
34	B2RJ03	cell inner membrane	Phosphatidylglycerol--prolipoprotein diacylglyceryl transferase	MTLPAFITWDFDPVLFTLFGHPIVWYGLLFALGLIILGPWIEKKMWEHEKLDSKWFESLAVYVFVGTIVGARLGHVLFYDPAYYLANPAKIFVTWEGGLASHGGTIGIIIACWLYSRRVTRKSILWVLDRLAVPTGIVAAMIRLGNLTNSEIFGRPTTLPWGFRFIRSEEYRHLVPNMDMGCHPTQIYEALCYLAVFALCMWLYWKRDAARRYSGLIVGVFLTGIFLSRFIIERIKIVQEPWELKLIESVGLNMGQLLSIPFVLAGIWLIIRAVKNPITQKLS
35	B2RJL5	cell inner membrane		MIMNLDALVSWSRAQFALTAMYHWLFVPLTLGLGVIMAIVETIYYRNGKPEWKRYAQFWQKLFGINFAIGVATGIILEFEFGTNWSNYSLFVGDIFGAPLAIEGILAFFMEATFIAVMFFGWNKVSKGFHLSATWLTIIGASLSAVWILIANAWMQEPVGMTFNPDTMRNEMTDFWALVFSSTAINKFWHTISSCWTLGSVFALGVCGIYLLRKDDKHKDFALKNIKIIAPFGLAASLITAFTGDTSAYNVAQKQPMKLAAMEGLYDSGQTDKDGLTADGKGLPLSLFGILNPAKETPQDDKEAFLFNVSVPRVLSVLGTRNPSGYVPGINNILEGGYVKADGTTAIPVDSMMQRGRRAIMALNDYSKAKQAGDMEAALQHKSVIDENFPYFGYSYIQHKNDIVPPIGLTYYSFRIMVGLGMLFILLFLMAWLLSFKPEKFSKMRWFHMIAIVCMPLAWVASQSGWIVAEVGRQPWTIQDLLPVQAAVSKLEAGSVIITFFVFLVLFSALLVAELNIMRKAIKKGPETE
36	B2RJQ9	cell inner membrane	Ferrous iron transport protein B	MRLSELHTGYQAVIVRVEGRGVFRKRILEMGFVHGKTITVVQCAPLRDPVYYRIMDYNVSLRREDAAKIEVELISSNATSSPASNDIGEQSANPDSNESIPTNPTEDISAKTKSEIEIEVKPNGHVIRVALIGNPNCGKTSIFNRASGAHEHVGNYSGVTVEAKEGLFRHGDYKIEIIDLPGTYSLSPYSPEELYIRQYLSEETRPDLVLNVVDTCNLERNLYLTLQLKEMGLPVVIALNMFDEFEKKGDTFDYPALSAMLGIPMVPTVGRTGQGLPELFDTLISIHEGRNKIIRPIRINYGSIIEPAVEALTEKINNQLSLPYSLPARYIAVKLLEGDKEMNRFVGERPKGLFILSARDFALREIDEHLTVASDAESIITDQRYGFIAGALKETYRSSYKQLKTLTDKIDHIVTHRILGFPLFLLFMFIMFEATFVLGQYPMDWIEAGVGWIGSMVNTFMPDGSFKDLIVDGVIGGVGGVIVFLPSILILYFFISLMEDSGYMARAAFIMDKIMHRMGLHGKSFIPLIMGFGCNVPAIMATRTIESKQSRMITMLVTPLMSCSARLPVYLLLAGAFFPDSAGLVLFGLYFLGILLAVLLARLFKKTLFKVEDVPFVMELPPYCMPTSRSVIVHMWNKAAQYLRKMGSIILLASIVIWFLSYYPRYSEEAVLISQIEQIEGNPQLDEEKKTSQIEELNRKAHIEQQEQSYIGRFGKAVQPVLAPIGFDWKMSVSLLTGMAAKEVVVSTLGVIYTGDSDDSDEAARRLGERIREDRDAEGNHTFSPIIALALMAFVLIYFPCIATVVAIGRESGHWKWAVFSIIYSCSLAWIVSFLIYRIGILFF
37	B2RJU3	cell inner membrane	Large-conductance mechanosensitive channel	MKKFIQDFKAFALKGNVVDMAVGVIIGGAFGKIVTSLVNDIMMPPISLLTGGVNFTDLKLVLSKAVVEGGEVVKPEVSWNYGNFIQTTVDFLILAFVIFLMIKAIMAAKRKEEEAPAAPAPTPPEIELLTEIRDLLKKQ
38	B2RJU5	cell inner membrane	proton-translocating NAD(P)(+) transhydrogenase	MNPIILIIVLIASTLIGYKLISNVPSLLHTPLMSGMNALSGVTVIGAIAAAGLSFKFGHDGKLILGQIFGGLAIILATINVVGGFGVTHRMLRMFSKKKKGGDQ
39	B2RK97	cell inner membrane	1,4-dihydroxy-2-naphthoate octaprenyltransferase	MSNNGSPPRLKAWLALLRPHTLPASVSPVVVAIAYAIADGNFRWPQAALALIVAVSAQTVSNIANDWFDYKKGADTDQRVGFESGISKGWLSERQVLAALFSFLFLLGLSGFLLCAISNWWLLVVGVVVAIGALSYSAGPYPLAYHGLGEIAVFIFFGLIPVLFTYYVQAESFPSDLWHLGAAMGFAGVNILIVNNYRDYEEDRKSGKRTILVKKGRDLGPKLYLACGLLSMMVLYPFFSAGGLLLLLLYLAFFMTNYRRLLREEGTALNALLVRTAKALSLLAFVAIAMLFLAR
40	B2RKD3	cell inner membrane	Ferrous iron transport protein B	MKKSAATSSACNGCPTHSGNKLRRMGTDAERYDFTIALAGNPNTGKSTVFNALTGLKQHTGNWPGKTVEKAEGAFSYAGSSYKIVDLPGTYSLLSTSEDEEIARDFILFGKPDVTLIVADATRLERNMNLILQILEITDRAVLCANLMDEAERNGVEIDLRGLSRRLGIPVVGASARSGEGISDLLSALSEVAQGIYRCTPHRLTSIGTEIDTRIDSLAESIRLFHPDTPNSRWLALRLTEGDRRVENILYADNEAPAEKLKREVDEFRRNFGEDLHDQLSEALYSDAGKICQEVITQTNKRGRTPLDIKIDRIVTSRKWGFPIMLFMLALVLWITIVGSNYPSQWLSDSLVGILHPLLKTRTTGFLPDWLSGFLIDGVYLATAWVVSVMLPPMAIFFPLFTLLEDFGFLPRVAFNLDELFRRSGAHGKQALTMTMGFGCNAAAIINTRIIDSQRERLIAILTNNFSLCNGRWPTQILLATIFLTPAVPAYLRGVIGIGSVVAIALLGIAFMFFFSWVLSRTLLRGQVSTFNLELPPYRPPQFWQTIYKSIVDRTLVVLWRAVVFAAPAGALIWLTCNIQIGGVGIAEYLIDLLDGPGWLMGLNGVILLAYVLAIPANEIVIPTILMLTVLTTGIDGGTGAGVMFEADGTAETARLFEAGGWTMLTGINLMLFCLLHNPCSTTLFNIYKETGSRKWTLLAALIPLATGFVVTVAVAFVWRLVGG
41	B2RKS0	cell inner membrane	Membrane protein insertase YidC	MDKNTVIGLVLIGLVIFGFSWLNRPDPQEIEAQRKAAIEAARQDSIAKAEAELLAARTQEATPDSIKQAAGYNQYGLLAAATAGAEEQVELANGKIALKLSTKGGAIREVLLRDYKTYDGKPLYLFREGESDFNLPLRTLDNRLVDTRDLYFSPISRTDSSVVMRLAVDSASYLDLAYVLLPDDYRLRMTVSGQNLQSLFPANMTMQDLEWSQRIRRQEKSWKFENQYTSIYYKYSGDEVDRLSDSKQEDKKTLEEPLHWVSFKDKYFASVLVCDSYFENNKLAQKTAAAGSDYLKNCTMSATFPLDVRPGTKAGFTFFFGPLKYNMLRAYDKGMKAEDNLDLDHLVYLGASIFRWINRYMIIPASTFLQQYFSNWGLIILLLTLGIKLLISPLAYKGYLSSAKMRLLRPQVQEINAKYPGKDQESMMKRQSATMNLYRAAGAGPMSGCLPMLLQFPFLIAMYMYFPTTIDIRQQSFLWAEDLSSYDAVFSWTADIPLLSQFYGNHVSLFCLLMSISNILYIRYTMNQSDTGQEGMAMLKWMPYITTVMFLFFFNQNASGLCYYYFLSSIITVIQYMSSRFIINEEKLMAKLEANKTKPRKKSKWMARLEEAQRQQEAMRRQQQKRK
42	B2RKZ8	cell inner membrane	non-specific protein-tyrosine kinase	MNLIEDSKNTLAESRSRIYTKEETSFFSIEEYLLGLLSSWKWIVGSIIVCLLVAYIYTQRQSPAYIAQAAVLIKSAEKSGAPRSMKQFEEIGLFMDNSEVENEILVLKSKRLTAIVVDKLDLDVSISKDGFWRHESLYGKSPVSIRITDRDSTESYSFKIDIKDSRSFQLSDFKQQKLNRISEIKVEGSFGRPIATPVGELQIDKTIFFADSWKGGILYVTKENIRKVIQRYNKDLQISLADKNATIVNLSMKNEDMDCAKDFLNVLISSYNDDVMNDKKSVAVSTAAFIDERLAMIGGELGTVDTEIETFKKSNNITDISTDVGAFLKSNADLQKDQLVVERNLSLAKYIQSFLRQTSTDNELMPANLGLTERGIDNSITLYNDLKLKYDRLKQSSSESNPLVQEMAMQLVAMRKSINAAVDNYIKTLNLQLREVNREMSRTKEQISAVPTQEKIMSTILRQQKIKEELYLYLLNKREENALRLAITESNAKIVDVADGPSAPIAPRKPLIFMAAFLLGLVLPSTFIYVKMQFDKSVRGRKDLEGLLIPFLGEIPTYSGERSEEDLDVVVKPESRDSASEAFRILRSNMEFMRVKSHDLKAVMFTSANPGSGKSFMTVNLAISIALTGKKVIVVDLDIRKGSLSKRLGLGNIGVTDFLYNNSISVDSLITKFPQNENLDLVLAGCIPPNPAELLLSDRLDYLIKELKNRYDYVFLDSVPAMSVADAMITNRVADLTIYIIRQGVLDRRYLGEIERLYTENKFTNMCLVLNDVSYSGSRGTYGYGYGYGYSNKEYDKQGKKLRRRSAKKTKKFKIGPMKKS
43	B2RL51	cell inner membrane	Protein translocase subunit SecE	MKLFNKIGTSITDSYNELVHKVSWPTRSELTNSAVVVMIASLIIALFVFVVDTAFERIMELVYKLVF
44	B2RLC7	cell inner membrane	FAD:protein FMN transferase	MKRWSGLAAVPGMIVLGAAFFSCRKAPAYTVLQGEIFHTYYHIKYKGEADHSQRVDSVFRAFNHSLNPFDSTSIIAGVNRNLPVRTDSMFRRVFRRAQEIAAVSGGSYDITCSPLINAWGFGFEHKEDVTAQLIDSIKAFVGYRRVRLDGETVVKDDPRTTLNTSSIAKGYASDLVGEALAAHGIGDYMVEIGGEVAFNGLNPQGKPWRIGVSKPQDDSLGLAMQEFELVVELSGKGGLATSGNYRNFYVRDGKKYAHTINPLSGYPVQTDVLSATVIAPDCMTADALATTFMVVGSERVPAIAAKFSGVDYMLILSDGDGSYKTVMNQGFRKRVAK
45	B2RLC8	cell inner membrane	Ion-translocating oxidoreductase complex subunit A	MEFFMLFIAAVFVNNVVLSQFLGICPFLGVSKKVDTSIGMGAAVTFVLALATLVTFLIQKFVLDRFGLGFMQTIAFILVIAALVQMVEIILKKVSPPLYQALGVFLPLITTNCCVLGVAILVIQKDYTLLQSFVYAISTAIGFTLAMVTFAGIREQLDMTNLPKAMKGIPSALLAAGILAMAFMGFSGIA
46	B2RLC9	cell inner membrane	Ion-translocating oxidoreductase complex subunit E	MSKNLSVIINGIIKENPTFVLLLGMCPTLATTTSAINGMSMGLATMFVLICSNMVVSLVKNLIPDMVRIPAFIVIIAGFVTILQMLIKAYMPDLDKSLGIFIPLIVVNCIVLGRAEAVASKKGLLHSMFDGIGIGLGFTLSLTVLGIVRELLGSGKLFDFAVFNESYGALIFVLAPGAFIALGYLIALVNKMKKKA
47	B2RLD1	cell inner membrane	Ion-translocating oxidoreductase complex subunit D	MENKIIISPSPHIHSGDSIKKNMYGVLIALLPALAMSVYQFGIGAVIVTAVSVLTCCIVEYLISKYMLGKEPTIMDGSAILTGVLLAFNLPSNLPVWIIIIGAVVAIALGKMSFGGLGNNIFNPALVGRVFLLISFPAQMTLWPTEGQMTSYLDAETGATPLGLMKAAMSGDTSALANIPTDLHMFIGEAGSLGEVSAIALLLGLVYMLYKKIITWHIPVSIFASVIVLAGILHLASPTSFPATPWFHLFSGGMMLGAIFMATDYVTSPMTKSGQILYGCLIGLLTVVIRTFGAYPEGMSFAILIMNGMTPLINTYMKPKHFGGKNK
48	B2RLD2	cell inner membrane	Ion-translocating oxidoreductase complex subunit C	MLRTFRIGGIHPPENKLSAGKPVEVLPIPSQVVIPLGQHIGAPATATVKKGDEVKVGTIIAQAGGFVSANIHSSVSGKVLKIDNVYDSSGYPKPAVFISVEGDEWEEGIDRSPAIVKECNLDAKEIVAKISAAGIVGLGGATFPTHVKLSPPPGNKAEILIINAVECEPYLTSDHVLMLEHGEEIMIGVSILMKAIQVNKAVIGVENNKKDAIVHLTKLATAYPGIEVMPLKVQYPQGGEKQLIDAVIRKQVKSGALPISTGAVVQNVGTVFAVYEAVQKNKPLVERIVTVTGKKLSRPSNLLVRIGTPIAALIEAAGGLPENTGKIIGGGPMMGRALLSPDVPVTKGSSGVLILDREEAVRKPMRDCIRCAKCVGVCPMGLNPAFLMRDTLYKSWETAEKGNVVDCIECGSCSFTCPANRPLLDYIRQAKKTVMGIQRARKQ
49	B2RLS8	cell inner membrane	Na(+)/H(+) antiporter NhaA	MKQTFRFIKPIERITHLKPNATMMLFLASVLAVIMANSSLSTIYHEILEYPINLTIGGHEVFSHHGETMTLLQFVNDVLMVIFFLAVGLEIKQEILVGELSSFKKAMLPIVGAIGGMIVPVLFFLLVVHEGPGARGAAIPMSTDIAFALAALAVLGSRVPASLKVFLTALAVADDIGGIIVIALFYSSHINIGMLAIAFGILFIMYLMGRMHVSNLGLYFVCTFFVWLFFLQSGIHTTIAGVLAAFMIPARPGLHAKNLRAEMRSLFEAMPNDKIRQSGSSLILSHNQINVINSMRKIARKAISPMQLMEEYLSPIVGYFVLPLFAFANAGITLGGVTADALWGVPMAVFLGLFVGKPLGIYFFTYGFVKMRLCPWPEGMSRLNLMAVSLFGGIGFTVSLFIATLSYAGAEHLLFLNEAKLGIFVASIFAAVVGIVTLRYELNLENAKAQKS
50	B2RLX2	cell inner membrane	Protein translocase subunit SecY	MRAVETIKNIWKIEDLRQRILTTILFVVVYRLGSFVVIPGIDPASLSALKDQTAGGLMALLDMFSGGAFSHASIFALGIMPYISASIVMQLAAIAVPAMQKLQREGESGRMKINQWTRYLTVAILILQSLTYLVNLRVQMQSVGASMPGGLWFQIVAVAILTGGSMFVLWLGERITDKGIGNGISLIILIGIIARLPHAFVAEFTSRTTSAVGGLVAFLAEIVFLLFVIAGAILLVQGTRKVPVQYAKRVVGNKQYGGARQYIPLKVNAANVMPIIFAQALMFIPISILGFANVDQSSGFLSAMSNNTSVWYNLVFAILIILFTYFYTAITINPKQMADDLKRNNGFIPGIKPGKQTKDYIDAIMDRITLPGALFLAIVAILPAFAEMFGVSSAFAQFFGGTSLLILVGVVLDTLQQIESHLLMRHYDGLLKSGRIKGRVGSVSAY
51	B2RMG4	cell outer membrane		MKRLIIAGVLACALWPVYGQRVLSVNECRRLALEHNRDLAISREKINAATNTRKAAFTSYLPELSATGTYLHNQKEVSLLSDEQKHKLQNLGTDLVTAIGQNPYITTAIQSILAQHPDLAPLIGSMMPQIAAQTSQGLNAFGTHLVDAVRTDTRNVYAGVLTLTQPLYVGGKIYAYNRITRYAEEIAHWQHKTGQQDVILATDQAYWQVVSLANKHRLAESYLELLTKLDNDVQKLIKEGLATRADGLNVSVKVNEAEMTLAKVEDGLSLSRMLLCQTIGLPLDEKITLADEGQEELPTAIVPAETDLQYTLDNRPELKSLALLEQISKQKIRLTRSEYLPSLAFVANYLVTNPSSFNGFENKFGGMWNVGVMLKVPIWHWGQGTHKVRAAKAEARIAAQQLAKARESIELQLSQSVLKVREADKRLVMATKNMEKAEENLRYANVGFREGVITASNVLEAQTAWLSARSAKIDAQIDVKLTELMLRKASGHLSPEEVVSE
52	B2RH00	cell inner membrane		MNTTRQNGNYLLPIIMMIALFGMISFVTGLASPMGVIVKNQFQTSNFMATLGYFANFIAYAFMGYPAGMLLQRIGYKQTALSAIAVGFVGIGIQLLSGEMGSFSIYLVGAFVAGFSMCMLNTVVNPMLNTLGGGGNRGNQLIQVGGSFNSLMATLVPVLVGYFIGSNVQQANIKQAYPAIILAMCIFALAFVVLYFVNIPEPAATKNSSTEKLSHSPFAFRHFVLGTIAIFLYVGIEVSIQDFINKYMTSSFDKGGLGFDATIAGSVVGTYWFLMLIGRMIGAAVGAKVSSKAMLTFVSSLGIILVLAAIFTPIGLQASMPVFRSDISFGLNTIPMSIVFLVLCGLCTSVMWGGIFNLAVEGLGKYTESASGFFMVMVCGGGILPLIQGYFADWLGYINSYWVIVVALVFLLYYALAGYRNVNKDIPVV
53	B2RH55	cell outer membrane	Lipoprotein	MNDAKKYIVSVLILLVAGMFGGCIKEDYSDCPRPFRLTVRAWDADMQDITETGAVQRVVIFVFDETGRRIDRLMMDAAQVAARKPIPLEYDGPTTVSFVAWANPDDHMLEETANVQSV
54	B2RH56	cell outer membrane		MGETTDTYTGLAELIGNAVQYRPDGQIQNGDFISPIFRVYPTLDTTPLHLKLYAYGQELLNISTGSDGVPFIPVIGKMLNIYIDLRGANLNVLVSVTPWDVVQQYAEY
55	B2RHG7	cell outer membrane		MKRMTLFFLCLLTSIGWAMAQNRTVKGTVISSEDNEPLIGANVVVVGNTTIGAATDLDGNFTLSVPANAKMLRVSYSGMTTKEVAIANVMKIVLDPDSKVLEQVVVLGYGTGQKLSTVSGSVAKVSSEKLAEKPVANIMDALQGQVAGMQVMTSSGDPTKVANVTIHGTGSLGASSSPPYIVDGMQTDLSVVATMNPNDFDNVTVLKDASATSIYGARAANGVVIITTKRGKMGEAGRITFNYSYGVSSIISKKPMSRMMTGDEQLNYQFNNGYWDTTKPEYATIEAVKATLIKNAEDMYAKYPELAPLVKSGYLKPIDFDNDTDWLEYFIRPTAPTHQGDISFTGGSQGTSYFVSLGYFNQEGISREPSSFKRYSGRMNLESRIKEWLKLGLNLSGAIAEKQASSFSGTNYYNTGTFGALSMPKYLNPLTSDGEIADVYYIIGTTPRQSPLRIAKWYPEEDYTYQANVGGYLQFNPIKGLTIKSQAGLDFTDSRATVKTLPNNIFSPNPLGNRTERFYGGRLFTVTNTGEYKTNFEELHDVTILLGQEFIDADVDVFSARANGFENSKVMLLSQEKTGNFLQLPAQRKEEYAYLSFFGRGSYGFDKWMYLDVSLRNDQSSRFGDNNRSAWFYSFGSMFDIYNKFIKESDWLSDLRFKLSYGTTGNSEIGNYNHQALVGSNNYTDTALGLTVSTIGNPDLSWEKQSQLNVGIASGFWNNRLTAEVDFYVRTTDDMLINVPLQYISGFTNQFQNVGSMQNTGVDVNLRGTIFQNKDWNVYAAANFNYNKQKITKLFFDLKEYVLPNTGTIWQIGKPNSFYIAEYAGIYKGTEPYTDPDGNVYHGGDQLWYVPGKTWADGTPATTNVYSADLEQAVDKAVNPPITGGFSLGASWKGLSLDADFAYIIGKWMINNDRYFTENGSGAAMRTNKDKILLDAWTPQNPNSDVPRLGQDNQFDSRLLENASFLRLKNLKLTYVLPQSLFKTQGVVSGARVYLMARNLLTVTKYKGFDPEAGGNVALNQFPNTKQFVGGIQISF
56	B2RHG8	cell outer membrane		MKKIFYAVLSAFLLLGLFSCDLQRDPDGSDEQKDHFASFVETKHFRDGLYATLRSTENPTRFVWQDLQSDMYAVTTNDGNTSSRFITWSLGALESSGEIASYYLAYYSLLQRANYFVTRIERSMELNLYLEKELKDVKIFQAEGKTLQALALSRLMERFAYKYDPAATTHPYDLGIVLVKDYNPMIAAPRNTQKECYDYILECLNQAIDVLPNKSNEGNIRVSKHYAHALRARVNFAMGNYDAAKEDAKVLVDNYPLIDVTTAKKFAEVYRDDANNPEIVFRAFASGTIGTVAETTLSGFLWHSGAQLVVSSPISAPFQWVVDLYDDTDYRKSCYITKDFYVIGGGVDKGYVVGKYLGNPAYQSNPNVPDFKVTSRFFSVAEAYLIMAESMAKSGDAAGAKDLLKTLCEKRGGQLEDGDIMDLVMAERTRELIGEGSRLNDMIRWNLPNNHDDMENQPVFLQIGLAKADKLKQPVPAGHYAFTWEFPVRDRQVNPQIIKNWPN
57	B2RHI2	cell inner membrane	Putative membrane protein insertion efficiency factor	MRLIKAFLVQLLLLPIFFYKRFISPLTPPSCRFTPSCSSYAIEALRKYGPGKGLLLSIKRILRCHPWGGSGYDPVP
58	B2RHK2	cell inner membrane	UPF0056 inner membrane protein	MDFLDKVLQDLSLIDLKEIIGSFVILFVAIDIIGAIPVVLSLKDRGQSFHSGKATTFSCVMMLAFLFIGEPMLNFFGVDVSSFSVAGAIVLFVMAVEMIFGVQIFKDDGPAGSATIVPLVFPLFAGAATFTTILTLRADGIAMTNIAIAILINVAMIYLMLRFVNQLERFFGKGGIYILRKFFGVILLAISVKFFTGNIVKIIETMNEALQK
59	B2RHW8	cell outer membrane		MKRTILLTALTVLSSLSLLRAQNESEASTNPMSGLSLEDCIRIAKERNLNLRRQEIEQENRIISLDAARHSFLPSVNAGIGHNYSFGRSKDKTGVTVDRSSMNTNLSIGASVEVFSGTRRLHDLKQQKYNVEDGIARLQKAREDLSLQIAALYINLLFRQEMTRTAETQLALIREQRNRTAEMVRVGKWAEGKLLDINAQMAKDEQLLVQYRSEEELARLDLGQALELEHPESIAVKAPDTDVLVAERLGSLLAPEEIYRTALGLKPALHSSELQIASAREGLASARAAYFPTLSLSAGYSNGYFRDLGKEYAAINPSFSEQWKNNGSYSIGLSLNIPIFSAMQTQDRVRSSRLQIRSSELRLVEEKKALYKEIRQAYSNAVAADKAIAAAENSKAATLKAYEYARDSFEAGRLSAYEYAEAKTKYALSQVEELRAKYDFIYKAKVLDFYQGKDF
60	B2RHY7	cell outer membrane	TonB-dependent receptor	MNSIMKYQLYTAVIMVLSVSSVCGQTPRNTETKRPDTLRRELTIVNDQTVEMEHADPLPAAYKAIEPRLKPFRPEYNKRTFGFVPEVSSSGRNNLPNILPTEGHMKHRGYLNIGIGHTLNQRMDAGYRLIDAEQERLNLFLSYRGMKSAFNTGDFDGDRKDRRMMAGVDYEQRRPSFVLATGLYYSNHYFNHYGRGATTNVGSIPQLSTPVTPQMDNGTHNVRVYLGAKNDVIDARIDYRFFRSIPYLGTDPMKALTEHTPELNVTMSNELSDDIKLGVEVRTGGLFFAKNSEMIQTGVLSETDRNLYYVEGAPTIGFVGDSDNMQWNIQAGVGISSHFGTKGRLFFWPKLDASLSIFPSWRVYAKAFGGVIRNGLADVMQEEMPYLMPNTIVLPSRNALTAQLGVKGNIADVVRMEVYGDFSKLTGVPFYTPTLPLYNPSDLYQYNVSFLPLYADGSRWRAGGKLEYSYRDMLRFLVDASYGKWNLDGGLVASMQPDLILKAEVGVHPIAPLDVRLRYTQLNGRYRYSFGSAGSEALGIGNVHLLSADVSYKLKKNLSLYLKIDNMLAETTELIGYYPMQPFHCFAGFSWTF
61	B2RI01	cell outer membrane	Transporter	MRIKPSLKTMKKISAYVIGAALSVASGVPSVYAQGEADAIRYSRTELGGSARFRSMAGAFGALGGDFSAIGQNPAGLGIFRSSEVSATIDFSSISNRAAWQGSSETFNKNKLLFTGISYVGSWGKANEDVSVNFGLGAKRVLDYERSFRIAGGEQKFSVADYVAAQTPGKANPSHFNYNGLESSWLTDLGYNAGWIAQLPGGYGFESIFKYKQNGEYQIFGPSSTAFDLKETGHVWNYDFGLGINIQDTWYLGASMTYSDLQFDTNTFYQENFSFNNGAINDYLKLENTLSTSGSGLNIGIGAIYRPADAVRIGLSYYTPTWYWMKSYYRAYGSSYYSQGVDSNGQPLPENLYFMSSQTPESYNTYQMSSPGRFVASLAVVAGKIGLLSMDYELESYGQIKLKDENGTAYVDNKFISEDFGSRHTIRLGGELRPISRLSLRAGYSHTSNPIKNEKLKAFDGSAQVTVFPMGAMPHYELPGNSYTVTGGLGYRFTRNLSGDLAVIYRNEKSYYYTFGRMVSDDPNPANVLEVESPAPAKLTRSNFRLAMTMSYRF
62	B2RI81	cell outer membrane		MKSVVTKQALIGLLFFSISIYSHAANPPAQPTDTIVSGNIALEDIVVTGSRTARLLKDVPVPTKVFKAKDIKAIAPSSFIDVLQYILPGIEFTKHGSRDQLNAQGFDESSILFLVDGELISTGSTSGIDFERINPDDIERIEVLRGASSALYGSNAIGGVINIITRTAKDPFRVSASARYDSRDGQKYDVAAGVKRGIFTSQSGVQYRADKSYILADQFEQELNVAGNTTWNINQKFTISPTENLSFNLTGLVNLRKQHWTDKIDFLYNSYDVKAGANWRISETSDLDISYHYDKYSRDTCLIKTENQKKLPIFDEDMHHLRAQYNLNLAEVHLLNVGLEYIHDNVASPRLSSPNDPGEKSVNNKILYGQYIYKVTPKLVLSYGGRLDKHSGFGLYYTSRLSAMYKCSHVTNRLSYAEGYRAPSLQEMYFFFNHGAFFIYGNPDLKPEKSRMLSYSAEAHWNKLTLMGNVFFNHVRNRIDFTYKGTDLIYTNVSKEMRIFGFEGQANVVLPYGFGFRASYSYTYDRWKATDKAGTEMKLSNTRPHAATATLSYGHNFSKNYRLASNFSTRFLSDLKTGRMNSNELFEEITYPGYTICRLDIENHFYRNYTLHIGAENLFDYKPKALAFNSPTSPGRIIYGLVRITF
63	B2RIK7	cell outer membrane		MKKFFFALLSIGISAQAFAKTDNVPTDSLRVHNLQTVTVYSTRTAVPLKKIPAKMELIPSRNIKQSGFNNMTDILKTQSSLDVIQYPGFSSNIGIRGFKPSGKYVTVLVNGIPAGTDNISTLNTSNIEQIEILKGPFSSIYGTNAMGGVVNIITHKSKDKIHGNVSLFGGSYQTMAGSFNLGGRFEDIFSFDLSLGLDKQNKDYKTGSNNFLSLSKLEEAIVDVNATKNKKMKGSDYTVATGRLRFGIDFTPEWSLNLYQNVFLGDAIPVGGSIWGVYGESKKNLNRSSTSFELLGKQGCHTLQFSPYFNIEKSENYNNADPTGFINYKSDYYTYGALLQDKISFGGQNIVLGVDSRNMTMESERFEQAGVNTKPYNPGYATNNIGLFGQANFYLLNDALSISAGARADFMFFDLKANEYLNNEAKQETHNVINPNVGIKYEFVKGLTAHGTFGSAFTAPDAFQKAGQYVGPFGTTIGNPDLKPEKSMTWDFGIGYSNARCGIHADVTYFHTDHKDLILSSPDYANNITTYINADKARMSGIEALLSYDFGSLFANKFSLRAFANATIMLNSEMKKSQTDAPWSEMYYVRKQNITFGIEYRGKEGLEVMLNGRFMGRRIEQNWYAYYPEVRPELQQLLAAEEPELAAQGLLRHPQAMVFNASAYYHMNKYLTFGVNLNNILDELYTEKDGYHMPGRNIMGKVMVNF
64	B2RIM8	cell outer membrane		MRTKTIFFAIISFIALLSSSLSAQSKAVLTGSVSDAETGEPLAGARIEVKHTNIVAGADAGGHFEIKNLPAGQHTIICSLGGYGQKEEVVAIEAGQTKMISFALRLRTNNLEEVVVTGTGTRYRLVDAPVATEVLTAKDIASFSAPTSEALLQGLSPSFDFGPNLMGSFMQLNGLSSKYILILIDGKRVYGDVGGQADLSRISPDQIERIELVKGASSSLYGSDAIAGVINVITKKNTNRLSAYTSHRISKYNDRQTNTSLDINIGKFSSNTNYFFYHTDGWQNSPFEIKKKKGSGEPILEETYKKTFRAQENQGVSQSLSYYATNNLSFSGNVQYNKRQIFTPTFSEKKAYDMDYRALTASLGTNYLFPNGLHTLSFDAVYDRFRFGYLYHDKDSSESLINNQGQTEQPTFFPGQLRNKNDQIRYTAEARGVFTLPYAQKLTGGLEYFREELISPYNLITDKADASTLSAYVQDEWKPLDWFNMTAGFRLVHHQEFGTRMTPKVSILAKYGPLNFRATYANGYKTPTLKELFARNELTTMGSHNLYLGNADLKPQMSDYYALGLEYNKGPISFSATVYDNELRNLISFIDIPTSPEHEAQGIKKTKQYANKGKARSRGLDVLCDASIGWGIKLGAGYSLVEAKNLQTDEWLEGAARHRANVHADWAHYWGQYRLGVSLFGRIQSERYYKDGNAPDYTLWRLATSHRFAHFRHIILDGTLGIDNLFDYVDDRPMGVNYATVTPGRTFFAQIAIRFNN
65	B2RIN9	cell outer membrane		MRFQHYLICTAAVAALAANPLTGQSNMTLEECIDYARRHSSAVALSAAELEQSKADYLQAVGNFLPRVSAGTGASWNFGRGLDAETNTYTDINSFNNSYSIHATMTLFDGLQSVYRLRMAHARREASRLSVREQQELAALGTTEAYYDLVYARQMQELAMQKYEESSRLHRQTARMEELGMKSRPDVLEMQSRMAGDRLALTQADNQCIIALIRLKEKMNFPIDDELVVDDMPADSLSADMAESDSSAGVFARATHHHPVLLRAKLDEQAASDRLRAARGAFLPSVSVSGGWNTGFSRFLNGSDYTPFSEQFRNRRGEYISLNLSIPIFSGFSLVSNLRQARADRRAASVRRGEAERRLYSEIAQAMADRDAALASYRQAKEHTDAMQAAYEAVLQRYEEGLNTAIDLTTQANRLLDARVQRLRAAMTYRLKCKLIAYYGCLSD
66	B2RIQ2	cell outer membrane		MKAKSLLLALAGLACTFSATAQEATTQNKAGMHTAFQRDKASDHWFIDIAGGAGMALSGWNNDVDFVDRLSIVPTFSIGKWHEPYFGTRLQFTGFDIYGFPQGSKERNHNYFGNAHLDFMFDLTNYFGVYRPNRVFHIIPWAGIGFGDKFHSENANGEKVGSKDDITGTVNVGLMMKFRLSRVVDFNIEGQAFAGKMNFIGTKRGKADFPVMATAGLTFNLGKTEWTEIVPMDYALVNDLNNQINSLRGQVEELSRRPVSCPECPEPTQPTVTRVVVDNVVYFRINSAKIDRNQEINVYNTAEYAKTNNAPIKVVGYADEKTGTAAYNMKLSERRAKAVAKMLEKYGVSADRITIEWKGSSEQIYEENAWNRIVVMTAAE
67	B2RIQ3	cell outer membrane		MKVKYLMLTLVGAIALNASAQENTVPATGQLPAKNVAFARNKAGSNWFVTLQGGVAAQFLNDNNNKDLMDRLGAIGSLSVGKYHSPFFATRLQINGGQAHTFLGKNGEQEINTNFGAAHFDFMFDVVNYFAPYRENRFFHLIPWVGVGYQHKFIGSEWSKDNVESLTANVGVMMAFRLGKRVDFVIEAQAAHSNLNLSRAYNAKKTPVFEDPAGRYYNGLQGMATAGLNFRLGAVGFNAIEPMDYALINDLNGQINRLRSEVEELSKRPVSCPECPEVTPVTKTENILTEKAVLFRFDSHVVDKDQLINLYDVAQFVKETNEPITVVGYADPTGNTQYNEKLSERRAKAVVDVLTGKYGVPSELISVEWKGDSTQPFSKKAWNRVVIVRSK
68	B2RIR5	cell outer membrane		MIGKKFFFILLALIAFSGLNAATDAEFKYPTDANIIGHVKDSKTGEHLVGITIAIKGTTFGTSTDATGHYYLRNLRPGEITLIMRGMGYKSQERVVRVEKDKTIEVNFEAEEDAINLDEVVISANRELTLRRLAPTLVNVLNEKVFSQVNASNLAQGLSFQPGVRVENNCQNCGFNQVRINGLDGRYAQILIDSRPIMSALAGVYGLEQIPANMIERVEVVRGGGSALYGSSAIAGVVNIITKEPSHNSFTFNESLSFTGFSKLDNNTNFNASIVSDDNRAGAMVFGQARYRNHWDANNDGYSELGKIDARSLGAHSYLRLSDYSKLTGEFHTISEFRRGGDRIDLPPHVVGVAEQTDHSVFSGNLKYDLFSSNYKHHFQAYTSGQIVNRKSYYGGIGEIDVNGHPGGTEGYPIPQDQYGNNYGVTKGKTYMGGIQYSYDLDKFLLMPSQLLFGAEYTRDELNDVMPILSWQTGEDANGNTIPLYPELDQNINNYSLFGQNEWKNDKWSILVGARLDKHSEVKDIILSPRTTLRFNVNPDINLRATYAKGFRAPQVFDEDLHVGVVGGEAQKVFNDPNLKPEISHAFSLSADMYHRFGNVQTNFLVEGFYTRLLDVFTNEEQPDQHDGIKRYTRINGSGAKVFGLNLEGKVAYKSFQLQAGLTLASNKYDEAQEWGLNTVKDTNGAFVTEANANGQQEYKNESMTDTQITRTPSVYGYFTLAYNPAHSWSVALTGAYTGQMYVPHAIEYGVKSAELDIMQNNPEITDETGTAPRIDELKKTPAFFDLGLKVGYDFHVFQATEVQLYVGMNNIFNSFQKDFDRGAARDSGYIYGPTQPRTGYMGLVVKF
69	B2RIY3	cell inner membrane		MEIKKSPKADLEKGKGLNFLLGLVVALAIVYVALEYRTYDKIEAYTRDKVDIADMEETILLEENEPEPEQPEPEQPQQQEVQLPEEFKVVDNTQKVEKIALVSVDESKPLPPPAPVAPVKVEEEEDKIHEVVESPAEFPGGYTALSKWLSKNLVYPEQAAEMGIQGKVIVRFVVEKDGSVTQATVVKGIDPALDKEALRVIQTMPKWKPGMQQGRAVRVRCTQPVQFKLQ
70	B2RJ64	cell outer membrane		MRKRILQLFLTTLLLALGSSLAIAQIVVTGKVIDSETSEPLIGVSVSTGQGASLRGVTTDMDGGFRFEVPAKSVLTFRCVGYATVTRSIGRGSQEDLGTILLDPQAIGLDEIQVIASVVPKDRMTPVPVSNIRVADIQAASLNVEFPELVKSTPSTYTTKGSGGFGDGRTNVRGFDTYNFGVLINGVPVNGMEDGKVYWSNWSGLMNQASTIQIQRGLGASKLGISSVGGTMNIITKTTDANTGGSAYVGMGNDGLHKESFSISTGMNDGWAITIAGSHMTGLGYVKGLKGRAFSYFFNVSKKFNERHTLSLTGFGAPQWHNQRSSKYSVADYDKYGIRHNQSFGYLRGELTPTAYAYNTYHKPQFSLNHFWKMDENTSLYTAAYASLATGGGRRAYGKNSKWVLINYNTGQPYEQTKVTPDGLIDYDAVLAANAAASNGSEAIFALGSNSHKWFGLLSSFKKKLNSSLTLTAGYDGRYYRGDHYDKITDLLGGSYYIEDPKTKLAYHTEGQQLKVGDIVNRDYTGEIMWQGLFAQMEHSSEWIDAFVSGSINYELYRNHNYGGSKSTGYLPGVSPWKSFLPWSGKAGLSYKFAQGHNVFANGGFFTRAPLFGNVYAAGAIIPNDKANMEKVLTGEVGYGFTNHKNFEFNINGYYTKWMDRVTSKRIGNEYVYLNGVDAVHCGVEAEISYRPIRQIDLRGMFSLGDWTWQNNVSYTSYDEAGNETGQDITYIKGLHVGDAAQMTAAVSADIELFKGFHVIGKYNFLGKNYAGFNPATRNAQQYEADGKEIVESWKLPDVGLFDLSASYNFKLGSLSTTFYFNMDNVADKRYVSDADDNIIGKKHDEASALVWYGFGRTWSTGIRVNF
71	B2RKC0	cell outer membrane		MYSGHHKIHYPFLILLVCLAFAACKSVKLKDAEKAHDRQEYTKAADMYNTLYRRTRRKQVEMKAYTAFRSGENYRAAGRQAKALRGYLNARRYGYPDSVVLLRLAQTYQQGGNYKEAEALFRGYLEAYPKSYFAAIGLEGCLFARQQKEYPTRYRIRRAAEWNSARGDFGPAYAPDASALYFTSSRSKDDGLDNSSITGLKPNDIYIIKRDAQGRWGRPDSVSGGINTPWDEGVPTITPDGSTIYYTLAQQGADYDRTVQIYSAARSGEGGWSNGSLVDIMRDSLRMAAHPSMSASGDYLYFVSNIGGSYGGKDIYRVKVSDRSYGSPENLGPDINTPGDEMFPFIDGDSTLFFASDGHAGLGGLDIFKATLDSTGRWHVVNMGQPVNSSADDFGLAVEPKGKNKEGALPDNGVKGVFCSNRGDARGWSHLFHFELPAIYTEIQGYVMDREENPIAGATVRIVGERGPVGQGFVTTRDDGSYKMSVQGDTRYVMLAGASGYLNQYVELKTDTAKQSETYYVDFFLASREKAEGLQNILYDFDKATLRPESMKSLDELIRILTDNPDIRIELGSHADRKGPDAYNLGLSDRRAKSVVDYLTSRGIAADRLTWKGYGKSVPKTVTAKIAERHDFLKEGDVLTEEFVAPLTEEQQSVCDQLNRRTEFRVIEEELR
72	B2RKI6	cell outer membrane		MKKATGFGSRFIGKSLSSFVKEIPVYLVSTVFIIVMPISKKSFGRWFLCMVGLTASILVGALSQSCRGCVSEEGRADSIPCDSSVVSGLRSADTLRVATLSSSTTYFVYKDEEMGYEYELAKLLADSLGLTLVVEVVPNDEALYAAVDTGLVDMAITPQAATFKGKQKYLFVGPEEISGQVLVQRSDGNPRITNVTDLIGKPVTVMAHTRYADRLRHLNEEVGGGIDSLILSGDTLTTEDLITQVAKGEIDYTFADEQLARLARTYYRNIDISLKVGFGQRLQWIVRKDNHCLARWVNRWGESIPDKESYRAIQKRYFEMSKSDDEVEEEQSAPRPRIKLRKGSISQYDTIFKHYAEEFRLGWSWHLLASIAYHESRFNAGIVGWSGARGLMGIMPRTGRRFGADKQELLDPEVSVRVSIRCLLAFKNEFPDVTDPEEKLKFTLAAYNAGSGHVADARRLAAKYGGNPNVWDNNVEAYIRLKKDPNYYNDPVCRSGYLRGAETINYVRSVMARYQAYKQKD
73	B2RKQ6	cell outer membrane		MNRFSNHWPCILVGLVLWFVSASRTVAQNASETTVLYDTDTVVLSEADVLRIALSENATVKVADMDVRKQEYARRAARADLFPKVDLNGVYSHTLKKQVLYIDMPGFSSSEGIEMGRTHNTQGGVNVSMPLVSAQLWKSIAMTGEQLDLALEKARSSRIDLVTEVKKAYLSVLLAEDSYGVFKRSYDNALANYKNISDKFDRGLVAEYDKIRANVQVRNIEPNLLQAQNSVALALWQLKVLMSMEVETPIRLSGSLSDYKEQVYTGYFAADTLISNNSSLRQLDIQRRLAVSADKLNKYSFLPTLNLGGQYTYSLNSNDFKFWGEGQRWTPFSTISLSLNIPIFNGGKRLYNVKQSALSIRQIDLQRRHIEQSIRMGIKNQNDRLRTCMQRFVASQEAVRSAEKGYQIAEKRYQTGEGTLVELNDADVALLQARLNYNQAIFDFMTAKAELDKMNGMGIPEQ
74	B2RKR1	cell outer membrane	TonB-dependent receptor plug domain-containing protein	MKEAIPRKNKHIKLNGIYRLSFILLCSLLCSQAAMAQSVRVSGYVLDRGEKPIPFAGVKVRGTGTGATTNLKGYYEFRMKATTDSITIEFSSMGYQGVSRSFPSLTKDTRLNVRLAEAEMELSSVTVQATKRRLNTMERVNTRDLRVNAGPTGGVESLISTYAGVTQNNELSSQYSVRGGSYDENMVYVNGVEVYRPLLVRSAQQEGLSFVNPDLTQSVQFSAGGFTADYGDKMSSVLDIRYKQPQEKEGAVLLGMLQSSAYYGSSAGAFSQITGVRYKSAKSLLGTTDTKAEYDPIYADGQTFMTYRFSPKLSVSFLGNISQTRYKFVPQTRETSFGTQSDAKKLKIFFDGQEQDRFLTYFGAFSMNFVPDDKQRHTVTLSAFNSNERETYDIQGEYFLNDVQLGADGTASMASGSENSNGLGIGRNHEHARNRLNYRVLNMGYRGEIKLNEKHRLQAGVSAQMEKIADHISEWERRDSVGYNLPHSETVLLMYNNLYADTQMRGTRLSAFVQDRFNFSMGGGTFSLIPGIRASWWSFNKELLVSPRISMGYSPESNPALVLRAAAGLYYQAPFYKELRLTYKDAEGNNVVVLNEKIRSQGAFHILAGADYTFEMGGRKYKFTAEAYYKSLFNINPYIIENVKIRYLGENIGSGYAAGIDLKLFGELVPGVDSWLTASIIKARQKLDGYGSLPLMNAPTYNFSFFLQEYVPGNKRITATLRAALSGGLPQLNPSKGLSSPAFTAPAYKRVDLGVMYKWLDPDDSFAGRSKWLMRVKGAYIGADLFNLFDMTNVNSYYWVSDAYQQQYAVPNYLTRRQFNLRLLVEF
75	B2RKZ7	cell outer membrane		MRIVSNFLFVSLLVLLFASCRSQREKVVYLQDIQTFNREIIAKPYDVKIEKDDVLNILVSSRDPELSTPYNQVLTTRALARSGYGGNSSEGFLVDSEGYINYPILGRLYVEGLTRTELEKEIQKRIISSGFIKDPTVTVQLENFKVSVLGEVNHPGSMSVKGERITLLEAIGMAGDLTIYGRRDRVFVLRETNGHREVFQTDLRKADLLTSPVYYLHQNDVIYVEPNDKKTQMSEINQNNNVNVWLSVTSTLVSISTLTITIVDKYKK
76	B2RL13	cell outer membrane		MRSVKKGKFSLLFLLFCTPLLAWGQRSGVLQASIDDIVTMSRHNTPGEQQARNRFLSEYWTYRQFLANRKPRVSFESVPVSYSRSYIKRYNSALNIDEYRPSTTWNSSVGINLEQNIDFLGGTFSLSSDLSYMKNIGDPGYKQYNAVPVAIRYSQNLLGYNEFKWEKKLAPLRYKEADKTFVKTLEENTYKVLAAYFDVAMAKEEYAMAMENVSNSDTLYRLGEKRFAIASISKSDLLALKLDKLNAGNSLLHARTALRKSYSSLINLLGLPEDTEIDPMLPTSVPELRISREQAIESARKNNPELLQATNNLIQREQSVTKASLERWFSVDLSAGIGFNQVSEAFAGVYKHPLRQDMVSISLSIPLIDWGMKRGRYNMAKSNYRVALSDMRLKETDLFRDIAITIDEIEMETDLFKAAEEAMQLAKESYTYARERFVLGKGSLNDMLLARSRNAEARKNAILSMKNFWLSYYKLRMLTLYDFIDGLDLTAPISEE
77	B2RLF3	cell outer membrane	Transporter	MKKKSLFLLSLCFASLGPTPWSEVSAQQVAAADPSPLSLTEAIRLARKQSVDAAVALQELRAAYWQWRTYRAELLPGVNLTATLPDYRRAYSLYQQPDGSYSFVRSNALRLSGHISVDQNIWLTGGKLSLVSSLEHINPLGTEGADRHFMSVPISLTLSQPLFGLNEMKWSRRIEPVRYEEARRRFVANTEEVSVSCIDHYFSALLAREEYNNAETNLRNTAKLVEVARAKKKIGKLSENELRAVEISYASASSAILSSRTALRGAEMSLSIFLGLQPNEVLSLSIPADTIFTPVSYERVMELAGRNHPFVGEMKRRMLEADRSLARAKSERFSIELMAQIGYAGQADNLHDAYGGRLKDNSSVSVGVRIPLVDWGRGRGRIRLAESNRRLEEHRLRQEEERWHRQIFLLVEKHNNQLRVLELARRTDSIAQARYHTAVETFTVGAISTLDLNAAQDAKDLARTSLVRALHHYWSYYYNLRSLTAYDPVRDEEIDIPMEEL
78	B2RLV4	cell outer membrane		MAENKPSSPEPDNTGVGNSPSDYLHGEAIIPPLSSLSNFNDKRFMKKLHMIAALAVLPFCLTAQAPVSNSEIDSLSNVQLQTVQVVATRATAKTPVAYTNVRKAELSKSNYGRDIPYLLMLTPSVVATSDAGTGIGYSGFRVRGTDANRINITTNGVPLNDSESQSVFWVNMPDFASSIEDLQVQRGVGTSTNGAGAFGASVNMRTDNLGLAPYGRVDLSGGSFGTFRRSVKLGSGRIGRHWAVDARLSKIGSDGYVDRGSVDLKSYFAQVGYFGSNTALRFITFGGKEVTGIAWNGLSKEDEAKYGRRYNSAGLMYVDAQGVPHYYHNTDNYEQRHYHAIMTHSFSPSVILNLTAHYTAGYGYTDEYRTGRKLKEYALQPYVENSVTVKKTDLIRQKYLDNDFGGLIGSLNWHTGAWDLQFGASGNIYKGDHFGRITYIKKYNQPLAPDFEYYRNSADKREGAAFAKANWQITPELNMYADLQYRTIGYTINGITDEYDEVQGSMQHIDLDKTFRFLNPKAGLTYSFDDAHTAYASVAVAHREPNRTNYTEAGIGQYPTPERLIDYELGYRYASPLLSAGVGLYYMQYKDQLVLDGRLSDVGQMLTSNVPDSYRMGLELTLGWQILPRLLRWDASFTMSRNKIDRYVQYTSVYDADYNWLELKEETLESTDIAYSPNVIAGSMLTLSHAGFEMAWTSRFVSKQYLDNTQRSDRMLPSYWVNDLRLGYVLPVHFVKRVALGVQLNNLFNLMYASNAYIYDAGYVQASGELSAYADLRYYPQAGFNALGSLTIDF
79	B2RM77	cell outer membrane		MKQLNIISFIIAFLFLGTSASAQQSGGSVTGTVVDKSSKEPIAYVQVFVKGTTLGTSTDANGNYSIKGIPSGNQTIVARLMGYSTCEEKVHIEKGGSRHVDLYLTEEILSLDGVVVSANRNETFRRQAPSLVTVLSPELFLKTNSTNLSQGLKFQPGLRVEDNCQNCGFNQVRINGLEGAYSQILIDSHPIFSSLAGVYGLEQMPANMIERVEVIRGGGSALFGSNAVGGVINVITKEPLRNSAEISHSTMTFDHAKGWGSFQNTTQFNGSMLTEDRKAGVMVFGQHNYRPGQDIDGDSFTELPNLRNRSLGFRSYYKTGLYSKATLEYHSMQEYRRGGDRLDNPPFEAQIAEYLQHYINGGSFKFDQGFSGGKDFFSLYASAQDVQRRSYYGGGDYTENLLNGAVQSGSTESDEYNDAFTALTSYGTTKGFDLQGGGMYRHTFGENWDFTGGLEYIYGQLDDRSGYRPSKIDQNTSTFSQYDQLEYKTEKLSALIGARIDYVLLNQDGKRYIDPLFIFSPRANVRYNPNKNLSFRLSYSEGFRAPQYFDEDLHVELAGGTPISRVLSPNLKEERSRSISASFDYYHRADEWQFNIMGEAFSTFISNQFKPSDKVETTSDGKEWIIRTIYNDKDGVSKVYGVNLEGRIAYNKSFDLQLGGTWQRSRYGSIYTAVEADKTTGQAEISVKDYVRTPNLYGYFVATVRPTEHFAINLSGTFTGKMDVVHEAYEGDIPAEHIAPDGSFDFEMNGQQFKGLAEGHAKLVKTPAFADIDLKLSHDFHLASTMTLELNAGIQNIFNSYQKDTDKGPGRASTYVYGPMQPRRIFVGTKINF
80	B2RMC1	cell outer membrane		MKKSSVVASALAVALVFAGCGLNNMAKGGLIGAGVGGAIGAGVGNVAGNTAVGAIVGTAVGGAAGALIGKKMDKQKKELEAAVPDATIQTVNDGEAILVTFDSGILFATNSSTLSPNSRTALTKFAANMNKNPDTDIRIVGHTDNTGSDKINDPLSERRAASVYSFLNSQGVSMSRMAAEGRGSHEPVADNSTVAGRSANRRVEVYILPNAKMIEQAQQGTLK
81	B2RMK6	cell inner membrane		MLQHINFKFVLKVVGSLCLSEILFLLICLGISVYYKGSDLLPFVYTIGVMAAVGSCFYLLGRRARMNNASRREGMLTVTLTWLILSLVGMLPFVFGGYTPSVTDAFFETMSGFTTTGATIFPEVESLPRGILFWRSIMQWQGGVGIVVFTVGLLPMLGAGSAVSQIYNAETTGIIHDRFLPRIRQVARRLCGVYILGTAVLILLLWLGPMGLFDAICHAFTCISTGGYSTRNGSIAEFQSSYIEYVTSFFMFYGSLSITLQYFLLVGKPGKLIRDEEMRTFVVLTLCAVLITTLWLLYRGEYPSLEENFRHALFQTYSIISTTGYTTADYFSWGPFFWSIAIVMMIVCGCAGSTTGGIKISRLVVLMKNLRNEFKKRTHPNLMVPVRINGIIITGQLVSQVLAFAFLYFLLIFCSIILLTLDGMDFVAAVGSAVSAMGNVGPGFGDYFSDFSQAGDFSKWILSFLMLTGRLEVFTVISILHPAFWRR
82	B2RMK9	cell inner membrane		MQAVLPLWMVRLQSRILAGLLHTVVRYRRKVVRDNLTRCFPEKSLQEIRRIERRFYYNFTYQILSSFKLLTYSQTQLRRHISFENLDVLIRLRAEGHPAILLMMGHFGNWEYFSGSQAIIKDLGLQIYQIFRPLKSTSSDRLMHRIRERFGSRGIAKHDVPRELLRLVRNPIPTETPLVIFIADQSPAYAGSYWTTFFGRETAFFNGTEKLGHKFSLPVVYMDVEKTGHDVFTGTIKLLHHPQDDSPEGSITEEYVRLMEATIRRDPSQWLWSHRRWKRPRLHNTRQP
83	B2RML3	cell outer membrane	Collagen-binding protein	MKRLISRTLIRLLLILCIPMSLAAQRQIAGTVTDTKDRPIVLANVYPINSFDGMATDSLGRFRFTTSSTFPMRLVVSHINYHSDTLTIRKGDPMENIRIRLRETDDYKLSEVVVSVSAFGVGGKQNKTVLNPMDVYTNPSGNGDLSMALRQTPGLQDVGDREGFFVRGGASWETAVTIEGIRVKRFFGKNRFDAPARSRFETGMFSGLSLSTGGYGATEGGALSGLLRLRLAGKSPSSVGIGISPLFVNGGGGHLSRSNRFYIEQNASVSDAAYIRLLLKPEYKLPGTNRSYAYNARTIWNPTSQDEVKGLFLFVHDLSSSALRIPSPATAYMLYAGRNTYGFGMAVWRHDFEGGKTTSTLSAGYSEDHNRLHRQLEIEPDIESTFRTVERDANIRLRFDSRIKAWRLSYGSDYTYSEAKSSVREDKSSALPTLREHLVAAYAEALFPLSNRISATAGLRAEYSGLTESAIVLPRLSATYKLSPSSRITLDAGGYAAPGDYYLSHRIVPQKREHSQQYNLTYEWRPSRTQVLRFQAYDKEYSRLTTLAPDGTASNLGKGYARGLDFFWKASGLIRSFEHWFSYSYTDARRQYLFSPDQERPDFVAKHTLSTVLKYWCAPISSLFNVSMSWRSGMTYHDPNIASPAYLNASLPANFSMSASYNYPFKYKKAGGVLVFSVHNLFNSDPTYGYRFGDKPIGGVYPSVRISTPYRQFYMVGLFINFGIDRRQEIMNTDIKIKSR
